NumTrees,MaxDepth,LeafSize,RMSE
100,15,1,30.3826779392637
88,31,8,61.4740215191634
122,30,13,68.9080667852255
34,12,16,73.804493182333
30,43,3,46.4201996938235
116,33,19,74.2719837553948
160,21,16,72.8256016144782
188,28,10,65.1278000119206
43,23,9,62.8785347048811
122,8,9,64.2837572815972
104,16,7,59.1654412189092
22,11,11,65.8295263938695
81,13,11,67.0825764815052
49,16,17,73.3680559562553
163,24,16,73.0138358695952
76,7,13,70.0988260715531
115,46,8,63.7029775545469
50,48,16,72.2325882369838
128,27,11,67.0029627615503
67,27,8,62.3821830746383
138,20,19,74.9250042184159
144,46,18,73.3361286485364
155,22,11,67.0835263583761
101,10,13,70.3644991898545
35,40,12,67.9958360406446
61,23,5,50.796193327814
184,16,7,59.5174264473933
47,23,10,66.7470945088291
169,9,5,52.8205953414565
117,11,17,73.803207707169
199,47,5,53.0923990516236
34,48,5,52.5492988725892
100,31,4,47.419007526345
39,8,5,51.6065146940691
193,16,9,64.4355027219704
21,21,7,58.1072883648317
159,42,19,73.6213645824244
167,6,9,63.5446269339546
176,7,5,53.6287689421821
35,13,18,75.0857925910318
92,34,20,75.5287449277876
67,38,9,65.1792431366744
164,34,3,44.120404953531
98,25,6,57.563104048587
184,30,9,64.5592563516568
53,18,12,66.6387427643495
67,39,6,58.3990281751357
46,14,12,69.1145547009848
44,36,15,71.3718831801365
176,13,5,51.427528409113
100,15,1,31.2333129487505
164,34,3,44.5901807248267
30,43,3,45.917416084155
128,27,11,65.9975781404533
39,9,5,54.6395340805569
104,21,16,72.4267698400622
164,7,5,53.1264623262289
144,21,18,73.5385153153464
122,8,6,56.3315163708596
50,48,16,72.2404531614555
30,43,3,50.0270529429634
100,31,4,50.0422372044963
34,9,5,52.7633214652644
44,33,19,74.3140078112466
98,11,6,57.0654546736893
199,47,6,55.5395672875696
100,15,7,60.0906124999187
100,20,19,74.5987929820507
34,15,5,57.928976913996
184,43,3,44.0897111788891
46,14,12,68.9834920223399
30,43,3,46.9070979100918
67,38,9,65.2081445918203
101,43,13,69.8265279263787
53,46,12,69.6594131317898
100,31,3,42.6650233632835
184,38,7,59.5175404596518
100,31,4,48.721801150186
163,6,16,72.619034087175
39,8,5,50.0445981450653
67,27,5,51.7191306980335
34,16,5,55.3824795857054
164,30,3,42.9563940615752
100,15,1,27.1977512724437
34,12,9,66.6453747205184
159,42,19,74.4932468005465
81,46,11,66.2362640138719
61,23,5,52.6962693584721
117,11,17,72.9106352746902
176,13,5,52.3957626911324
193,15,1,30.7155941191307
88,31,9,62.3827094426269
88,31,7,59.6661749563082
93,33,20,74.2404489436949
62,23,6,57.3116659423465
35,13,19,75.5326200816637
44,24,8,63.48417342095
188,28,11,66.8186428854068
164,34,4,49.2481026703417
68,28,9,65.1976318166135
100,15,1,31.2969852328693
193,15,1,28.8990851293192
100,15,1,33.0430184831801
100,15,12,68.2294318876666
100,38,1,29.2206702669511
39,15,7,66.0985120574546
193,15,1,30.3568108852295
164,31,5,50.4618756167838
176,13,9,62.5317867051543
88,13,19,74.8617777779477
50,48,1,26.8247174383467
100,34,1,25.4369228946817
164,30,6,54.9344114774948
188,38,7,60.0474936912454
100,15,5,52.4470092408327
34,23,5,53.6326175123328
100,31,4,50.3681148921175
39,31,4,50.7488082380327
98,15,6,57.5011570308309
100,9,19,75.0729629051155
100,15,11,65.4408692162886
144,28,18,74.3391692528049
44,33,19,73.6337620674435
100,31,4,50.1010705492008
164,30,3,43.9578861615781
100,43,13,68.5258294686339
30,43,5,52.6950098763216
100,15,3,41.7796747638601
100,31,3,41.1081146154416
30,21,16,72.8312459707193
176,13,5,52.4033218333948
100,16,5,55.0216447275076
30,34,3,41.553530729801
164,8,6,55.6639032735258
30,43,3,48.0408822503173
199,47,1,29.8363881942467
34,43,5,54.0643966961834
67,31,9,64.0391760800364
67,31,3,43.7212556644592
39,27,11,67.0891928148768
193,15,17,73.278471830929
44,24,7,60.9286463976515
100,15,2,35.8394028660933
93,32,20,75.5477700809679
163,7,17,74.0519127789322
31,44,4,50.1922709682961
164,35,4,48.0906692050429
158,42,20,75.0555523938683
47,14,12,66.5949479845299
46,14,11,65.7723085862859
100,34,1,23.053301292599
50,48,1,25.7538486024136
193,15,1,32.5732537663804
30,30,3,43.0866426659362
100,31,1,28.153193614334
193,34,1,26.8681478878623
30,34,3,38.4710455462058
199,47,1,26.0075954825699
30,15,17,73.4309597164702
67,31,5,53.3653423412313
39,15,6,55.7552336767127
30,43,4,49.64070291289
88,15,12,68.0546344067632
47,16,12,67.5181926204429
100,15,1,27.7801800574501
193,15,1,30.9955079766833
100,34,1,25.1809601778304
164,15,4,47.8765378169824
100,47,1,25.9393518283151
100,43,1,27.2634707247759
39,15,1,30.2939251051666
193,31,3,44.471031651824
163,30,17,73.1216754197641
39,8,4,51.769225760597
34,23,5,53.0276061114188
30,21,1,24.8546983012152
100,15,13,68.6194390318691
46,14,11,66.7519096301931
100,15,2,31.5664504469325
193,47,1,27.0921993192244
100,15,12,68.3996736891473
100,44,4,49.0957593417953
158,42,3,43.5214630891452
144,44,4,49.2974290556004
34,23,5,52.0531121526696
93,32,20,74.7568522304673
193,15,5,51.9840319361659
39,15,11,67.0938331886961
100,31,1,25.6080749377908
100,34,1,30.2176495616906
188,31,3,42.2325373190366
177,14,9,64.2302455495204
51,48,1,27.8232574210671
100,10,20,74.6917325623447
194,14,1,30.050605368623
101,33,2,36.2977861369379
43,24,7,60.7253196051416
50,48,2,34.8006211350409
50,47,1,28.3019038082194
51,49,2,36.603995992519
100,34,1,26.549131167047
30,21,1,23.9395476530424
100,34,1,25.2077349595901
100,47,4,47.1586007394013
164,15,1,29.5729296398941
67,31,5,54.0170235548179
100,34,1,28.2484528428519
30,21,20,73.7453989396889
47,34,12,67.8125048392968
194,14,1,31.4572103681723
158,42,3,42.0999883086045
158,42,3,41.5319681191622
34,23,5,53.1681267114331
100,31,1,26.1060112392725
193,15,1,30.5692587279903
51,34,1,31.9332129774054
100,23,12,68.617160025051
193,34,1,27.7223610664569
163,15,1,31.3183390464051
100,21,1,30.5336261060109
100,43,1,27.6348603640732
193,47,1,25.9718897642514
100,31,2,33.7045919358054
193,48,1,25.1281635986734
93,32,2,37.4104636454999
100,30,3,40.4248004023015
50,43,1,29.5942657645223
30,15,17,73.1024534879115
51,8,4,51.7902650820667
193,34,3,41.8682891750812
43,47,7,62.433676488664
100,30,3,42.5542788621488
50,47,1,28.8731847897612
100,15,6,55.8957859600446
39,44,1,27.6273124686995
199,31,1,27.1314120047186
34,23,9,63.1256828312658
164,14,4,47.665720667576
88,15,12,67.7495298104979
51,34,1,30.2635112210401
100,15,1,30.222241861856
51,46,1,33.6455653539371
51,47,2,35.6060094760294
100,44,1,24.359127854757
194,16,4,47.9268103737232
199,46,1,28.1024194594427
99,34,1,28.2714372096775
30,21,2,30.7197140974409
50,47,2,36.1533896734891
193,33,1,26.0710209598843
30,21,1,26.4077800666454
100,44,1,27.4238872147205
193,48,1,25.0058094276728
30,21,1,29.1126987811416
99,34,4,48.1491152615316
30,21,1,30.6845197952114
30,43,2,32.0851681539132
158,42,3,40.9842152428278
158,34,1,27.6769298662719
100,23,9,62.549532529362
39,44,1,31.5816192757284
193,31,1,27.9145458725763
199,48,1,25.4420740818752
100,34,1,28.4108575180549
39,15,1,31.3097826654598
100,23,1,28.6419895515341
30,21,1,33.2217968251523
164,15,1,30.5873032397813
51,34,1,28.2228185925549
30,21,2,34.4984000240792
193,33,1,26.5799586302123
100,44,1,24.8701054652027
100,44,4,52.0572578088744
51,14,4,50.0253233055447
100,34,1,28.0618081372147
193,46,3,43.7292410075153
30,48,1,31.11279050668
47,34,12,68.5899554463821
193,33,1,26.6918317348398
100,31,2,38.0037079027982
51,46,2,38.2474298560049
100,15,1,28.6722092542649
193,47,1,26.5057927916924
50,43,1,29.4936615988386
67,21,20,74.6834178082663
100,34,1,27.2299411440828
100,31,1,28.2802421779053
30,21,1,33.1606572691754
193,33,1,24.2084911814813
163,15,1,30.7382120980124
193,43,1,26.9809241267525
100,30,3,40.1361893732942
30,21,1,30.195366627041
163,16,1,30.3487419167711
100,44,1,27.4005830888858
93,32,2,38.3145521905307
200,31,2,37.8065770220322
49,48,1,26.0118043195955
43,48,7,57.4577072884364
99,47,4,47.228956396638
193,33,1,26.3325235435925
100,44,1,26.7639978306256
193,48,1,27.2778552549076
193,33,1,29.1297560863593
30,21,1,28.9236256034281
30,21,1,29.7568481134597
193,34,1,25.7679397692653
100,44,1,27.2081963473582
51,34,1,25.1653047606249
49,48,1,29.2522089887992
30,21,1,32.2312109801163
193,15,1,31.8315804187776
30,43,2,37.9748129711774
100,44,1,26.138241009265
193,47,1,27.7284836131453
163,34,1,23.4194889160731
51,44,4,51.0270989979228
100,34,1,25.645556273447
193,33,1,27.8459872634325
49,33,1,22.9675449615906
193,48,1,25.6154135893112
199,34,1,25.8755367678635
100,21,2,36.6637986041197
193,34,1,27.6996093600914
30,23,9,62.0879511379087
193,15,1,30.6519373286827
49,48,1,27.8139156742878
100,44,4,49.7914678815699
193,23,1,28.8741536133931
199,48,1,27.3082222754901
100,31,1,28.3498043446974
193,21,1,28.8861836518202
39,15,1,31.4167258432471
50,44,1,30.077392760061
30,48,1,34.3705605106569
158,42,3,44.4427679785234
99,21,4,49.549058501201
100,44,1,27.176637882629
193,33,1,30.3392911475794
193,47,1,24.6408542495131
100,34,1,28.426777650523
99,47,4,47.3955576573736
50,43,1,24.545961167522
100,23,1,30.0609732186749
39,44,1,24.6373396845549
30,21,1,33.0020559739596
200,48,1,26.6959069507547
30,21,1,30.8178103612717
47,34,13,69.6178510328834
200,31,2,35.7253780922104
49,33,1,23.3204712030216
163,34,1,27.2553166508557
50,43,1,30.1713150608785
193,33,1,24.2006815427388
51,34,1,26.6602923118239
100,44,1,24.1028721781353
49,33,1,25.5214754088948
193,21,1,26.6363579807194
193,47,2,37.8933374271803
100,23,1,28.9506314464046
100,44,1,24.1340897686167
193,15,1,30.96510348785
49,33,1,31.0008957587248
100,31,1,26.170421183703
163,48,1,25.5487540802604
158,34,1,25.1647799339623
193,33,1,26.3810048060664
193,34,1,27.4833597525813
193,34,1,26.3374972378992
49,33,1,30.2290587044438
39,44,1,28.9895978923307
49,33,1,27.1427099076055
100,34,1,28.3057513868073
30,21,1,28.8396873322303
193,44,1,25.6196054019796
99,21,1,30.1053242398258
199,34,1,26.1520599546338
50,43,1,25.9249642426225
30,21,1,35.9397492630792
193,47,1,25.6772518651915
200,48,1,28.4987012890104
51,34,1,29.8781491828141
50,33,1,28.0658540117719
51,44,1,29.9024647011659
193,34,1,24.7850473612204
30,44,1,25.4416073795558
100,48,1,26.8377657230491
200,48,9,64.3611439139449
200,34,2,37.4183176079873
50,43,1,26.4754513392184
39,23,1,26.8137475411741
163,34,2,36.9378720809512
99,48,4,47.2505422768363
193,34,1,27.2678374257948
100,21,2,36.653075972132
30,21,2,38.667151208008
193,15,1,28.8205035253481
100,45,1,25.7134696629572
100,34,2,35.5184678585822
193,33,1,26.8247486528657
49,33,1,25.2749528759496
100,44,1,24.7622735084183
100,44,1,26.4052736214491
100,34,1,26.2471336397889
49,34,1,26.1289882527932
30,44,1,28.3380868815315
158,34,1,27.1243204306113
39,44,1,27.7001248900902
193,15,1,28.8610574845444
50,43,1,28.8727800986815
100,34,1,24.4444766627608
50,43,1,24.644794462723
200,34,1,29.6665647620324
49,33,1,27.3480362809307
193,33,1,27.08352988618
30,33,1,28.4266034562014
193,33,1,25.3223265058946
193,33,1,28.1980512805139
193,21,1,26.7822914024801
51,34,1,29.9108328146371
99,33,1,31.3975283393609
193,48,1,26.7396984290346
100,45,1,25.3474388219994
30,31,1,31.8387370083559
51,34,1,25.4015858798454
51,44,1,28.9041034030714
30,21,1,30.135800617696
100,23,1,27.6601043124509
163,43,1,28.9836919972334
200,48,1,25.2989182081955
193,34,1,25.5743062665695
49,33,1,33.4549971203835
50,33,1,32.7799859406425
49,34,1,31.5112269287826
199,34,1,27.3577205840026
30,44,1,23.4220713995232
51,34,1,26.9281874367914
99,47,2,33.6985790050009
49,33,1,26.9342361883666
100,44,1,28.1761980643008
163,34,1,27.4369647903309
100,48,1,26.0596951487306
100,44,1,26.7158881702543
193,47,1,25.7531223144956
100,23,1,27.9074409197174
100,22,2,35.0281807096045
100,31,1,29.2251205598146
193,15,1,29.931751693552
193,44,1,26.9346327619278
39,23,1,28.2662594104593
30,44,1,30.0116910648982
100,34,1,24.2197793446919
50,43,1,26.7064711335468
30,44,1,25.603457310544
200,44,1,26.5388424352823
49,34,1,27.5623251617139
193,43,1,26.7545108374235
100,34,1,27.4857204663446
30,44,1,27.3201573405947
50,33,1,29.2152940208668
39,44,1,28.155828167271
163,15,1,29.0596394340195
99,33,1,29.4374349314235
50,43,1,30.1512235617643
51,44,1,30.2852936111105
100,34,2,39.6269839726435
100,21,1,28.8984917049748
100,23,1,29.1140337149115
51,34,1,29.5312298321227
100,34,1,24.7013447850618
30,44,1,30.041660628979
100,44,1,24.8529240321126
100,45,1,25.9330209055384
100,23,1,28.9182376369854
193,21,1,30.7619888996911
100,44,1,25.7996159080195
99,47,1,26.7878906974421
100,44,1,28.9862553671319
193,34,1,28.5148179215336
49,34,1,27.8011292551153
49,33,1,22.6041086001509
193,44,1,26.416680658001
51,43,1,24.689474892572
193,33,1,24.5680834777059
100,15,1,31.8930271058165
100,48,1,26.2266336787321
100,44,1,28.187783193073
193,47,1,27.4163274427553
49,31,1,23.4166820277923
50,43,1,29.6763294408427
49,33,1,27.6221769349406
30,44,1,25.6674192271334
193,34,1,26.8712230894397
49,33,1,29.9496428208434
194,47,1,25.8847601755581
200,48,1,25.3992239935667
193,33,1,26.5473608873902
193,33,1,29.0439250214367
200,48,1,26.7101956540916
193,33,1,27.3617145756359
49,33,1,27.2125791201671
49,31,1,29.0534741178816
100,34,1,27.1485411004833
99,34,1,24.0344181615798
100,44,1,22.0115557061052
49,34,1,27.4258907897604
51,44,1,26.7961822238138
49,44,1,26.4401418090202
200,21,1,29.3077549688836
100,44,1,28.8382427557379
100,33,1,25.1849591198628
51,34,1,27.6376777835961
50,34,1,28.4551819518027
49,44,1,25.5384888314144
200,48,1,27.6325916853346
51,33,1,27.1726993622723
100,33,1,29.8606449893275
193,33,1,27.1469577097254
49,33,1,29.0082965254024
193,44,1,27.9695420931226
39,44,1,35.5517992931553
100,34,1,28.3203751061755
200,33,1,27.105498582367
100,43,1,26.1792481421309
100,44,1,25.357925345423
30,44,1,25.3634742811455
49,23,1,31.1715194464767
194,34,1,26.5021500983837
193,33,1,28.6282808963121
100,48,1,22.6998578839719
193,47,1,26.6804265589564
30,44,1,28.4203346447641
50,43,1,30.6071627238184
49,48,1,23.893869090155
49,33,1,22.8495872235813
193,33,1,28.6005034824808
30,44,1,22.3705406604897
30,44,1,27.2338115428835
50,31,1,29.0593448505704
200,33,1,24.9732827609895
100,45,1,25.4583427970159
100,21,1,29.4939287108245
193,35,1,26.9522379495561
100,34,1,31.8534613021479
51,43,1,27.9922554878801
100,34,1,30.1042795949992
50,31,1,29.1235416368502
100,44,1,26.1498611959029
163,15,1,30.8703842582747
100,34,1,27.6390374304621
100,44,1,26.5971137457689
30,44,1,26.9762756329135
100,48,1,27.1319221933291
50,33,1,30.860727165667
100,48,1,29.1890045371085
50,34,1,28.1563196975651
200,33,1,27.987879838125
30,44,1,35.9364797867615
193,34,1,24.785972216213
200,33,1,28.1058293526444
49,48,1,26.2233274512416
49,33,1,32.5563194416584
30,44,1,31.1688037319599
51,33,1,28.6401131236538
49,23,1,29.0216813961523
51,43,1,22.6022518799204
100,48,1,27.5955360576089
100,33,1,27.4533622690966
193,33,1,25.37421213339
49,44,1,24.8100268036611
99,34,1,31.6551812600959
100,44,1,25.4237329155263
100,44,1,25.7087400944654
50,31,1,27.3118757651583
100,44,1,29.0118937319545
100,34,1,28.4334940693571
100,44,1,28.7006636457777
30,44,1,26.7084406506458
39,44,1,28.715249916741
30,44,1,36.341526363853
100,34,1,25.6588749631958
99,34,1,26.6451605678873
200,48,1,25.7583952714866
51,44,1,32.4532709658859
49,33,1,28.2615151540624
100,45,1,25.1648329403412
100,44,1,29.1406554228638
100,43,1,25.1171582804638
100,34,1,26.6445251353342
163,34,1,27.9661345723751
100,33,1,27.5281255193934
193,34,1,25.5947319008698
30,44,1,24.4691700086694
100,44,1,26.4204410104191
100,44,1,29.8202730033212
100,44,1,27.7411635306024
100,45,1,31.0412946351785
49,48,1,27.727024145099
50,31,1,26.9920679109873
50,31,1,26.5179160656609
51,43,1,27.8532561670477
30,44,1,23.2021962694877
193,34,1,28.3592766632817
100,31,1,28.4127683164239
50,31,1,30.4943766744223
51,33,1,26.2855773750206
100,44,1,26.3195083970578
100,34,1,28.0756671828816
193,43,1,25.9199008485982
100,43,1,26.5951506118348
100,44,1,28.4249984008007
163,34,1,28.9926846190007
100,44,1,23.3430491498226
100,48,1,23.9274164940099
193,34,1,27.2106546658084
193,48,1,25.4782397851845
100,44,1,25.8419656740774
51,44,1,24.2398011047317
100,44,1,29.6198795709778
100,43,1,28.2864937595433
100,48,1,27.6032286318238
193,33,1,26.7287172605188
200,33,1,25.0209453503042
100,44,1,24.1505329748406
100,33,1,29.6062165956832
193,34,1,28.0348518606891
100,34,1,22.7528110011428
30,44,1,25.208497114764
99,44,1,25.3356533603531
30,44,1,31.6981047239466
49,34,1,34.1594403238592
51,44,1,26.9516965247718
39,44,1,31.6660910820503
99,34,1,26.7520017718237
100,44,1,27.4137320345184
30,33,1,27.4795513853911
50,33,1,26.3592511098715
50,45,1,26.467445162815
193,31,1,26.0704818520618
100,34,1,29.5142023553224
193,33,1,28.7150903782505
99,33,1,29.8911612804976
51,43,1,32.0706686927561
100,45,1,29.1627564236189
50,44,1,26.538822837218
200,48,1,23.7941227822005
164,34,1,25.0676752165365
100,45,1,26.1262310064627
30,45,1,22.6706054011957
99,48,1,26.9652203763793
30,45,1,31.6617266685229
100,34,1,27.8600092942232
30,44,1,28.8884394468877
200,33,1,26.2030807204347
99,45,1,26.5002225027106
100,44,1,25.9621512248145
30,45,1,28.5248544348833
100,44,1,28.7955780709351
100,48,1,28.7648374774703
200,48,1,26.9374493095012
30,43,1,34.2246709028683
193,34,1,26.4010480524891
164,45,1,25.8447778817858
100,44,1,29.6573983566676
193,34,1,25.8460106325025
51,33,1,27.7041267089587
30,44,1,23.8413478238548
200,48,1,27.1036778628913
30,45,1,33.6867065804559
51,44,1,27.2436677943796
100,44,1,26.8216509972737
50,33,1,28.2762001109236
100,43,1,29.9912966757851
30,34,1,24.0540301621805
100,31,1,28.8031456283524
100,34,1,26.9624267604465
100,34,1,27.804936830648
200,48,1,25.6636585313587
50,44,1,25.887543438646
193,44,1,28.7202141092311
99,44,1,26.496773306836
193,45,1,28.4506162805042
30,44,1,32.3778550964224
30,44,1,33.5745646062303
30,44,1,27.6827004793354
30,48,1,28.7383835336743
100,44,1,26.0052524142973
100,43,1,30.0117882059385
30,45,1,25.936450475099
50,44,1,26.7596822375333
30,48,1,28.745483185926
100,34,1,30.0460007415396
100,44,1,28.9733417178152
100,43,1,23.6748594454681
164,34,1,26.8989787219026
100,44,1,23.876362167861
51,44,1,22.334798095443
30,33,1,30.3798654433329
200,33,1,27.2647969608346
51,43,1,23.2783173007709
51,44,1,27.4814858190358
51,43,1,27.4204812326749
100,43,1,25.716895123633
200,48,1,28.0669624860072
51,33,1,28.379518297019
100,48,1,26.4476964704211
30,45,1,36.0248927053399
30,44,1,28.125237002767
30,44,1,26.1163136323638
100,48,1,23.9271124649312
51,33,1,26.3560296278484
50,44,1,27.8328822649582
100,43,1,28.566411634157
51,44,1,25.2789780692101
51,44,1,29.322714542397
193,43,1,25.5414844770828
100,45,1,28.3337958418954
30,48,1,32.0433848614659
200,44,1,27.2731930475224
100,43,1,27.2912456288558
30,34,1,29.1588235377291
100,44,1,26.8746214512157
193,34,1,26.2295575173883
100,45,1,27.5298675257539
100,44,1,25.5794260234417
99,44,1,26.8922630050941
164,34,1,30.0645985525783
200,48,1,27.5630318248886
100,34,1,26.8807105057191
30,45,1,26.4269912736307
30,33,1,27.1831735789803
100,31,1,26.6316870647402
30,34,1,29.2242471200402
193,44,1,24.9068349548761
51,43,1,23.2881889664101
51,44,1,22.8536596467638
100,44,1,27.4275011308588
30,44,1,31.0601171695204
100,33,1,28.9054083111956
51,44,1,31.6739722044607
51,44,1,26.965655635107
199,48,1,27.1032437254523
30,45,1,25.8436266892504
100,44,1,24.3842617813797
51,44,1,27.2899353957873
30,34,1,27.3249118861476
164,45,1,28.249751467438
100,34,1,28.9655704234282
51,43,1,31.2782891464855
193,34,1,27.758323989412
51,44,1,28.0238930796013
51,43,1,25.0128203535186
100,48,1,26.3826514503855
30,34,1,31.8773867264978
100,44,1,26.5969079779185
51,33,1,30.8036359385164
100,44,1,25.9634327941168
51,44,1,26.6434298122126
50,44,1,25.8452321440261
100,31,1,29.9582993768747
51,43,1,26.8550609666963
193,45,1,28.2067674113231
30,44,1,26.3718946987526
30,44,1,24.5377742279284
199,44,1,27.6282500370089
30,33,1,26.9587586995214
100,48,1,26.6472030586303
51,44,1,21.9102494498885
193,44,1,26.0630277867748
100,43,1,28.5236830329415
51,43,1,28.5723925371608
51,45,1,24.2123243614289
51,44,1,27.8981515607467
100,34,1,27.5545399944243
164,31,1,33.2229569564469
100,34,1,26.6309553741601
51,43,1,28.3295859584464
100,44,1,27.8847920202581
100,44,1,25.9923494245734
100,44,1,26.6924730515592
30,44,1,30.5597845794679
100,45,1,26.56823626278
193,34,1,28.8048719616661
51,44,1,28.6919273525856
30,45,1,19.9801346684482
100,43,1,27.5554481721526
51,44,1,24.8656090341377
30,43,1,26.2302663848591
100,44,1,28.3041858835612
51,44,1,28.7359048863306
51,44,1,31.3872854568976
193,43,1,27.8191295021524
100,48,1,25.1679010497924
51,43,1,26.9892991864949
51,44,1,27.3077660933459
193,34,1,27.232713317308
30,45,1,24.7867247781549
51,33,1,29.6218200671588
193,34,1,25.4590248755844
193,34,1,26.8464991014684
30,45,1,27.9892409355741
51,44,1,29.9591475113431
51,45,1,24.4071100247246
51,48,1,28.8723797045782
30,45,1,31.1986394003635
50,44,1,28.9253830147862
193,43,1,27.145437997064
51,44,1,26.12558014502
30,44,1,24.7352613960046
100,48,1,34.6376401172529
193,34,1,26.217268096581
51,48,1,28.8598846960498
30,33,1,26.7987990328507
51,44,1,28.705905630898
51,44,1,27.9056649785796
51,44,1,26.3914717604325
199,44,1,25.5815893354559
100,34,1,25.8562741453754
51,43,1,27.1240400459645
100,48,1,27.5292168583072
30,45,1,29.0189189500301
30,34,1,31.8382853395094
100,44,1,24.8914416662753
193,34,1,26.9809216206409
30,43,1,34.1379100910023
100,44,1,28.2923518659159
30,34,1,28.7764402881063
51,44,1,30.5268551111074
51,33,1,30.5099521294328
30,45,1,25.8999442409982
100,34,1,28.1379330383476
51,44,1,29.1402295686225
51,44,1,29.8562327035097
164,34,1,26.339039799919
51,43,1,33.4074486200715
51,43,1,26.6533260357307
50,31,1,27.0527774707538
199,44,1,25.8351546767499
100,45,1,28.4376233525424
51,44,1,26.9132252083505
51,45,1,28.0080031723414
100,43,1,26.1839059980509
51,43,1,25.581383581267
51,44,1,28.4586890261049
100,44,1,27.2692279406952
100,45,1,25.8498788310076
193,45,1,27.7991002597672
30,45,1,32.785836934041
30,45,2,35.796136158705
100,44,1,27.7286307961405
51,45,1,30.79508814245
30,44,1,29.9569491361537
100,44,1,28.0005558726437
30,43,1,25.8202037501447
100,48,1,27.0415881582525
51,34,1,22.9490467706638
50,31,1,26.8405502447853
100,33,1,26.3525867487742
51,33,1,29.1599981080544
30,45,1,28.7527654843205
100,43,1,23.7931125750263
51,44,1,22.0533234834752
51,43,1,22.9581980305419
100,34,1,27.167178695677
30,43,1,23.8259414170272
51,43,1,28.8083919591023
51,45,1,29.0714218145848
30,45,1,23.8121579696168
51,45,1,27.6547402497001
30,34,1,29.7629232850803
199,44,1,29.0188900833031
100,34,1,25.7905665825478
51,44,1,26.6617567116446
100,34,1,25.2293190506744
51,43,1,22.5577503023706
193,34,1,27.7965661845885
51,44,1,30.0445007250035
51,44,1,26.5106373232467
51,45,1,26.5105836981051
51,44,1,26.7214739402756
193,44,1,25.8205796511346
51,48,1,25.5956713445755
51,44,1,25.6060476789755
51,44,1,28.8007046989641
100,44,1,24.2481865534282
199,45,1,26.5720933155577
100,45,1,27.5702871650025
50,43,1,28.3192564427105
30,45,1,31.4686358434428
51,44,1,27.5421389658993
199,44,2,35.6198817176102
51,45,1,22.8529395932015
51,43,1,30.4467818606943
199,44,1,26.3834984244925
99,44,1,28.1526775308072
30,45,2,39.5719371138161
100,44,1,25.3239549826059
51,45,1,24.4563527088068
30,33,1,29.2975253589177
193,34,1,25.7181481110416
51,44,1,31.3026477933865
51,43,1,32.3714918955484
51,45,1,27.8716886551525
51,34,1,28.1433012648729
51,44,1,25.5432717996998
100,45,1,23.7800750858841
51,43,1,27.5716411119484
100,44,1,25.8506041099556
51,44,1,26.8295851050618
51,45,1,31.5178644107852
51,45,1,24.6190785446978
51,44,1,25.8761967637028
51,44,2,34.7318737723967
51,44,1,29.0957450549319
30,48,2,40.8107473119985
30,45,1,33.0154647856925
100,34,1,24.6627259706436
51,45,1,25.8081089243463
51,33,1,31.2858687756844
30,44,1,30.5679479631434
30,33,1,31.9582208080308
100,43,1,26.5913979804004
51,44,1,23.9941964542005
51,45,1,29.5076380255444
51,45,1,28.4716603061207
51,43,1,30.5740358794236
50,31,1,23.1982563074835
100,34,1,26.4071032232969
100,43,1,27.3380589259394
51,45,1,25.763381215297
100,34,1,28.3842427911725
30,45,1,25.0497292309903
51,33,1,25.8772263506982
51,44,1,30.0737462831796
100,43,1,27.8467542016544
50,45,1,28.5896869353155
51,44,1,25.9584128760861
51,45,1,27.2106542181142
100,45,1,27.9065396355642
30,34,1,27.2555495115613
193,44,1,29.1862541562013
30,44,1,31.8976679627182
200,44,1,26.1620524657761
100,45,2,36.7367565625405
99,34,1,26.9401064016438
51,43,1,36.0305066223939
51,44,1,24.1112801874006
51,48,1,24.4687356511549
51,44,1,28.2095970649922
30,34,1,26.8157847651691
50,31,1,32.3138235702386
100,45,1,26.9752058980562
51,44,1,31.6081405849434
51,44,1,27.68727472031
51,45,1,24.1166966842123
100,45,1,25.7522541546287
50,31,1,32.151843606104
51,43,1,26.6591343936794
51,44,2,33.8449560811629
100,43,1,28.078298787942
100,44,1,24.7877485551711
51,44,1,26.2938602417675
100,44,1,29.9268493258384
51,48,1,24.8510503932678
51,48,1,27.3259624881612
51,34,1,26.694530312404
50,31,1,26.2670059605005
51,44,1,27.5208159477392
50,45,1,27.6969313226731
51,33,1,28.0189964749364
99,45,1,23.5178942266953
51,43,1,28.0093420154732
51,44,1,23.7590269080348
51,34,1,29.7617176517427
50,45,1,27.1267185762473
30,45,1,27.5480586659429
100,43,1,24.7587441793292
30,34,1,33.6087843343584
51,44,1,27.7593177026101
51,43,1,25.4759690136318
51,45,1,25.0147625454126
51,43,1,28.6191262574981
100,33,2,35.7574132609614
51,34,1,24.3479073043154
51,34,1,30.4147269153088
51,44,1,23.9948829024043
100,45,1,27.7028076767885
50,31,1,27.0181166987043
30,45,1,26.3410463948274
51,45,1,24.635482173947
51,43,1,27.6742615738336
51,44,1,27.5230996957136
51,43,1,30.4554285741317
50,31,1,29.109093221712
51,45,1,26.6195337604423
51,33,1,27.8723894829242
100,43,1,29.122457883297
51,45,1,28.4288861089426
100,34,1,24.2006456712046
51,33,1,24.0777485838851
99,45,1,27.8168342624118
51,44,1,22.3922515848751
51,44,1,24.6948185150423
51,45,1,24.2306021065255
51,45,1,31.5158816944209
99,43,1,27.6451730913218
50,43,1,27.915260108121
51,45,1,30.1219650417485
100,45,1,27.0253841873553
51,43,1,28.0325327785377
50,34,1,22.2128454896302
51,43,1,27.4956010956947
51,33,1,25.1435695331341
50,45,1,24.6916215221384
30,44,1,26.170001736829
100,43,1,28.1613989161105
100,45,1,26.6390203418101
51,44,1,23.9236685679019
51,33,1,22.6931225290825
51,45,1,27.166118446452
51,44,1,27.7755494710047
51,44,1,29.5070027684652
50,45,1,25.0963342150928
51,43,1,33.0629656352761
51,31,1,27.9983919823822
51,44,1,26.6729990389677
50,44,1,24.2979570389565
100,44,1,27.2656477454709
51,34,1,26.5850288334309
51,43,1,26.5723037095044
51,43,1,28.4185822720708
99,31,1,24.5011497039802
50,31,1,31.3981861775699
50,45,1,31.7621536787603
51,43,1,29.9865437554916
99,45,1,25.5145520148263
51,34,1,26.9073435295465
51,45,1,28.8781275842565
100,34,1,27.0358130613139
51,33,1,27.5742527402075
51,44,1,31.1727762614263
51,44,2,33.6372786884689
99,45,1,28.7734501764227
51,44,1,28.6225488283104
100,45,1,29.2970790984428
51,44,1,24.0558946718541
100,44,1,24.9654930098585
30,45,1,31.7453504015003
99,45,1,25.3341642399558
50,31,1,28.2925753960574
50,34,1,29.0718678083301
51,44,1,28.8824382754335
51,33,1,29.0594008592031
51,44,1,27.0314376490889
51,44,1,33.235303823579
50,31,1,30.3358848772232
51,44,1,27.5354587983236
51,33,1,27.8898388532351
100,43,1,27.6319367111414
50,34,1,27.5086410784726
50,34,1,30.6735050514492
50,34,1,27.0524933321108
51,34,1,26.645299350415
51,44,1,30.7560920470716
50,34,1,28.4915521515817
51,43,1,31.1551802257705
50,34,1,27.4144130741912
51,44,1,24.5898800648626
51,45,1,24.0282341101992
51,34,1,32.381785756644
30,45,1,31.6062451119439
100,45,1,24.9272103472423
51,44,1,26.891446929504
100,44,1,24.2668743632911
51,44,1,27.4628530218462
99,44,1,25.6019597622361
51,44,1,32.3968157692471
51,45,1,27.7356451863956
51,44,1,26.6463598231851
51,45,1,26.4495662532037
51,33,1,27.4629227364258
99,44,1,28.496019425776
99,45,1,27.7461893424016
100,45,1,24.7337257047068
51,31,1,29.884299825997
51,33,1,28.4611676246636
51,43,1,27.2775069558218
51,45,1,30.8105133056237
51,45,1,27.840287224912
50,44,1,24.1269027303386
100,45,1,30.4787930913833
99,34,1,27.0430074030789
99,45,1,25.062443720856
99,43,1,31.5281133435862
50,45,1,31.1239305288391
50,31,1,29.0168653249318
51,45,1,25.4128324321215
50,45,1,23.9350754899777
51,33,1,28.0850175447883
100,34,1,26.7185185253002
50,45,1,25.6186404723887
51,45,1,30.7554530962721
50,44,1,30.0310777922422
50,31,1,25.5431270620562
50,44,1,30.3310379861932
100,45,1,25.0166161864811
100,45,1,28.6981632406347
51,34,1,26.0203740022667
51,43,1,24.7597358328263
99,34,1,25.3075323006184
51,45,1,24.5844972676292
50,45,1,28.611570585119
99,44,1,28.3873532044576
51,45,1,26.5666959881577
100,43,1,21.9407721166537
99,45,1,29.5161887233846
50,44,1,25.6385423963211
100,45,1,24.0422824140887
51,34,1,27.1101207089691
51,45,1,28.7178794434708
50,34,1,32.7289173691173
51,45,1,27.8442110812311
100,45,1,22.0721110692732
51,44,1,28.2090426329761
50,45,1,26.8802538026437
51,44,1,31.048289635534
51,45,1,23.2301631603213
50,44,1,29.6273002694819
50,34,1,24.117090464906
50,44,1,28.5969043283001
100,45,1,28.1625042120178
51,44,1,27.7701204868834
51,33,1,27.5515240134333
51,45,1,27.6913921654962
51,34,1,27.9602005978065
100,44,1,28.3497650585272
99,43,1,25.0292267327237
51,44,1,24.2884682857064
51,45,1,24.6192771740155
100,45,1,28.9332197054274
51,44,1,22.7897232220524
50,34,1,22.6571296352659
50,44,1,27.1749856409128
99,44,1,28.7724314608796
51,33,1,25.5504432810352
51,31,1,36.2007928295848
51,44,1,26.3551038829726
51,44,1,28.7190241603969
51,43,1,27.1332897865003
100,44,1,27.7672673331
100,43,1,29.1031201944808
100,45,1,26.5270923402995
50,34,1,27.3317166959314
51,33,1,38.9640703627575
51,45,1,23.9310734140151
51,44,1,26.9526511829751
51,33,1,26.3206325092296
51,45,1,28.4496033471848
50,44,1,28.3833876755199
50,43,1,29.8555683103785
50,45,1,29.7511508026308
51,43,1,27.8861093011878
100,45,1,26.1285793054978
99,34,1,26.8942088203496
100,43,1,27.9661028028901
51,33,1,29.3463677877588
50,44,1,23.7973125252533
51,34,1,30.1644129799449
51,45,1,28.7521471961413
100,34,1,28.1628771094917
50,44,1,29.8817565626427
51,45,1,26.2421272116153
100,43,1,26.2101057241477
100,45,1,22.9620269462885
50,45,1,23.0571452158928
51,44,1,28.8340026055795
100,45,1,25.6658860340943
51,44,1,26.3131497341174
100,44,1,25.4416176912501
50,45,1,26.906991966002
51,31,1,25.7408507948314
50,45,1,29.0250771625417
51,45,1,34.2520893319725
99,34,1,27.6526179836327
50,45,1,25.05766172509
100,43,1,27.1495365409589
100,43,1,24.7625476244707
51,43,1,30.3972321956059
50,45,1,30.1821803093064
99,34,1,22.8836656052032
100,34,1,27.2731258584122
51,45,1,24.665640585288
51,43,1,25.5693231213771
51,45,1,26.8164800956615
51,34,1,26.1938552595732
51,44,1,26.7947130492306
50,34,1,27.6810252826311
51,44,1,26.4996519437311
51,34,1,26.4218927350979
51,45,1,26.2528753241394
99,34,1,27.3235410672881
100,45,1,24.6951882155484
50,45,1,30.3262605028482
99,44,1,25.3973361943188
100,43,1,26.8332212318665
50,43,1,29.2953854902756
100,45,1,26.9529628142494
50,44,1,28.5240388088117
50,45,1,28.8245132637279
50,34,1,33.1616920160412
50,44,1,28.915274708009
100,45,1,25.1616138240167
51,45,1,30.7919930775281
51,45,1,25.6215098577808
100,45,1,28.8462704369847
99,34,1,26.8972313497951
100,45,1,27.7504207081623
50,45,1,31.2436990376088
50,44,1,28.9220171968919
51,34,1,25.4806429611281
51,33,1,30.1714374007994
51,43,1,32.4021143743305
50,45,1,23.7973375847853
50,43,1,28.3017168630945
51,45,1,30.3369847151832
100,44,1,25.6284020336473
51,45,1,30.5636187446065
100,34,1,25.3592812162149
99,45,1,28.7759848614482
100,45,1,27.0999011356989
100,45,1,27.8065290799352
51,34,1,26.9993735355639
99,34,1,25.864796309182
50,45,1,25.0566036919188
51,44,1,27.207485633114
100,45,1,29.3052194141953
50,44,1,26.1781939391059
51,34,1,26.9559573914745
50,34,1,28.6815521713385
100,34,1,29.0045090434581
50,45,1,28.872382903291
51,34,1,27.3771966412419
99,34,1,26.9003390033169
100,45,1,28.9504655132883
51,45,1,31.2643102430855
51,45,1,28.4704788098387
50,34,1,33.2695816387955
50,45,1,25.3743672192689
50,45,1,26.2447611120141
100,43,1,30.1234075140503
50,45,1,24.8227918063805
100,45,1,27.3685109355511
50,45,1,27.3407249189542
51,45,1,32.8313532930624
51,34,1,28.8123068402494
100,45,1,26.9216437492427
100,34,1,27.3394134984017
50,45,1,26.7315596429663
99,43,1,26.316643991045
100,45,1,24.3700929173874
50,45,1,29.9768970847951
100,45,1,27.2440227513696
50,45,1,30.0142954501231
100,34,1,26.0314351856513
50,43,1,19.545072809565
50,45,1,27.6888793531785
99,45,1,26.1141390941046
51,45,1,25.8624613786475
100,45,1,27.9149202636452
50,44,1,28.9554425670127
51,33,1,28.2645951816524
50,44,1,33.2951766312477
100,34,1,28.5993770014261
50,45,1,28.6781473306842
50,45,1,27.37453479426
99,45,1,27.6634625823835
51,45,1,25.8720096215145
50,45,1,29.632753571463
51,34,1,28.2953597135797
50,44,1,25.3898673808778
51,45,1,29.3486310380985
51,45,1,28.0380402444863
50,44,1,26.7880314003154
100,34,1,27.8668214373531
50,45,1,31.898180689342
51,34,1,28.6365080617682
100,45,1,28.880907686084
51,45,1,24.6428785914798
99,44,1,26.2520896558967
99,44,1,29.1070087152712
100,45,1,26.1293228962886
100,45,1,24.2956093382596
99,34,1,22.5592761531888
50,45,1,32.4329787125697
100,45,1,29.8349250196385
50,45,1,28.1049451138332
100,45,1,25.6347716319406
50,45,1,34.0858049189875
99,34,1,26.8903087741403
50,45,1,24.7254438403582
50,43,1,25.9071983119409
99,34,1,27.0715268232234
100,45,1,26.8414901525771
100,45,1,27.0846282381154
100,45,1,24.1806985123339
50,45,1,30.3447225245708
50,45,1,23.9762623088438
51,45,1,22.1792953248662
50,45,1,32.0625751498712
50,45,1,25.8699384784514
51,34,1,28.7943672782302
100,43,1,29.4153571840477
99,34,1,29.2001349071643
99,43,1,27.7588148814144
100,45,1,31.0939348824178
51,45,1,22.8633141086887
51,45,1,29.6738568543281
50,44,1,25.8267245217623
99,45,1,27.3700425738617
51,33,1,28.3507414256046
100,45,1,26.0424323815073
50,43,1,27.6586740606866
100,45,1,29.0463872811708
50,43,1,29.0081352805942
99,45,1,28.2470172488492
99,45,1,28.0481366187651
50,45,1,30.0880863940343
100,45,1,27.9970269986045
99,44,1,27.6791459391277
100,45,1,29.1458835135968
50,34,1,30.6576083771354
50,45,1,28.1584185557476
51,34,1,27.0167517331323
50,45,1,25.1662171745826
100,45,1,28.7773997026002
100,45,1,24.5059538404347
99,44,1,26.148186820346
50,45,1,28.7021908867579
50,34,1,25.9535070922547
100,45,1,28.0122488216688
99,43,1,26.7086568720981
100,45,1,24.2208729562549
99,44,1,26.515001485658
99,34,1,28.2860884891724
100,34,1,26.6905904299993
99,34,1,24.4595709403006
50,45,1,28.735178054137
50,44,1,24.822074266225
50,43,2,35.9451274878639
50,45,1,29.2322267051363
51,45,1,24.9188925167374
51,45,1,27.3935868124596
50,45,1,26.1487876112672
99,43,1,29.5188273712987
50,45,1,25.6839070319463
100,43,1,26.1918808400477
50,45,1,28.5979014813524
50,45,1,28.1612096919845
50,45,1,28.6031171542055
50,34,1,32.6888023175028
99,43,1,25.3742632211756
50,45,1,28.0399046304238
50,34,1,23.704660675621
51,45,1,25.5073656130883
50,34,1,28.0544089168142
51,33,1,27.0230276534438
51,45,1,24.8362749739929
51,45,1,25.8429990154284
100,34,1,26.5793782831096
99,45,1,27.524475046811
100,45,1,29.2308443426571
51,45,1,30.8159002045082
100,45,1,24.8486396367402
51,45,1,26.4072184046965
99,34,1,26.2039254046284
99,43,2,36.2702029238359
99,44,1,29.3094375462691
100,45,1,25.6428917247553
50,34,1,27.986860287689
99,45,1,28.5138693063809
99,43,1,32.2545962949881
100,45,1,27.5747747828206
50,45,1,29.6215149431809
100,44,1,27.5084859065011
51,45,1,27.7046866686179
100,44,1,26.579431893797
50,45,1,25.9892587501686
100,45,1,24.7848169817968
100,45,1,26.3876297342364
50,45,1,24.1676607189176
50,34,1,28.5863606658265
100,45,1,32.6656387857456
50,45,1,25.1806172451626
51,45,1,25.2674276607658
51,45,1,24.7563158837879
51,34,1,27.772219777546
99,34,1,27.086901599595
50,45,1,27.2488298730119
50,43,1,31.1869104877736
51,34,1,29.1307367311583
50,34,1,26.69080509217
50,45,1,24.2784811752738
51,45,1,30.3016260634028
100,43,1,26.8085109157873
100,34,1,24.453441724955
51,45,1,27.5171862028164
100,44,1,26.9920525517318
99,34,1,27.4531454577536
99,34,1,27.5123698480676
50,43,1,25.875467939402
50,45,1,29.3222306899441
100,34,1,26.9767374029438
51,45,1,32.8340212113318
51,34,1,28.7114111092848
100,45,1,24.4901598627881
100,45,1,25.6423636729724
51,34,1,27.9162485203599
51,33,1,27.933248708281
100,45,1,28.7271433129279
99,45,1,27.1763877534568
50,45,1,29.1403960851302
51,45,1,25.4156742762247
50,34,1,25.9373346815053
50,45,1,34.3844535425255
51,45,1,28.5155392436134
51,45,1,29.0532888462872
50,34,1,24.6779300761881
50,45,1,27.2241897325725
100,34,1,25.4476691829186
51,44,1,34.0722877500648
99,45,1,27.5044587485103
99,45,1,24.9338867237025
51,45,1,25.8043477644792
100,45,1,26.4475671927318
50,45,1,29.9507875058877
100,45,1,26.2180593570561
51,43,1,28.7530706403365
50,45,1,24.9860700753488
50,45,1,22.7215550212811
100,45,1,28.1446252106869
50,34,1,26.6632084848814
99,34,1,26.6503564986141
50,45,1,27.5588406615613
99,43,1,22.7215600015727
50,45,1,21.9246460215458
100,45,1,28.0642804239571
50,45,1,28.0893606183011
51,45,1,25.0731088873931
100,45,1,26.6390177592567
50,45,1,27.0467833815368
50,45,1,25.4966037542445
50,45,1,28.8868467485237
99,43,1,28.1716116825988
50,34,1,25.3856135231271
51,45,1,30.6914182100841
50,45,1,28.6234252986255
100,34,1,26.1137106794917
50,45,1,25.9305464124509
50,34,1,27.9238729915086
100,34,1,26.189395793913
100,45,1,23.9360555921385
100,45,1,28.240444589342
99,45,1,25.8391133300103
100,45,1,28.0230889344521
51,45,1,27.9050205097281
50,45,1,30.3622056428774
50,34,1,31.2978028230424
50,34,1,25.640885185995
99,43,1,27.4824991246793
99,45,1,29.6340629026562
100,45,1,23.2782665289288
50,45,1,26.5495664618507
50,45,1,24.6114841782677
50,45,1,22.8103490859904
51,45,1,29.4782121137379
100,34,1,24.6893892903568
99,45,1,30.0761950463664
99,34,1,27.0219354697686
51,45,1,29.3155798536587
51,45,1,27.1791825585207
100,45,1,28.3737533273554
51,45,1,27.7715301644435
50,45,1,24.5358520671474
51,33,1,29.3322048720228
100,45,1,26.8055069700045
99,34,1,27.5312036735722
50,43,1,23.3868582582316
51,34,1,28.6217848755775
51,45,1,28.0520818785966
50,45,1,28.0722700173259
50,45,1,25.6527362803976
99,34,1,29.2549836492906
100,45,1,23.9011059850215
100,45,1,28.3966113018165
100,43,1,27.3933476639235
50,45,1,32.6875187997583
50,45,1,30.7878398138385
51,45,1,28.3068405549773
51,45,1,29.1815746593359
100,45,1,29.1738456608049
50,45,1,25.8813912131293
100,45,1,31.280836539466
50,43,1,28.1739000387373
50,45,1,28.6390808306164
99,45,1,27.9058816108779
50,45,1,30.1102699672184
50,45,1,23.307947464136
50,45,1,31.2515333399842
99,43,1,24.2607020581516
51,45,1,28.2763671020404
51,45,1,26.4400823468099
100,45,1,29.321984601333
50,45,1,30.7603020086325
50,45,1,29.8126233051057
50,45,1,27.5472314536305
100,34,1,28.1028448967182
100,45,1,28.7105408320017
50,45,1,38.1469614382038
50,43,1,26.7813096553277
99,34,1,24.4399943624768
51,45,1,26.0713134769549
50,45,1,30.6691052865154
100,45,1,27.1409303354181
51,45,1,28.1606827429979
50,45,1,24.9661007649098
50,45,1,32.1398676009053
50,45,1,30.3075098141225
100,45,1,29.7949737564188
50,34,1,25.4689661397701
50,45,1,27.7912200596927
51,45,1,24.9741489936931
100,45,1,28.7991015754695
50,45,1,27.7268397677438
51,45,1,28.1862262185162
99,45,1,24.2399345142453
50,43,1,27.0559515570189
100,45,1,26.1416522989674
99,43,1,29.2178196477946
51,34,1,29.6120325468697
100,45,1,30.1000755327748
50,43,1,28.8489772991776
50,45,1,26.1432626110002
50,45,1,30.612096783351
100,34,1,28.29191808919
100,45,1,29.9318684310543
50,43,1,32.4531203999411
51,45,1,28.7732933238676
50,45,1,31.3856873720338
100,34,1,25.49754045759
99,34,1,24.7111869461721
50,45,1,24.0750571177128
99,45,1,28.6074703890995
99,43,1,26.8203534490325
99,34,1,25.4595767530948
99,45,1,27.0221940033833
99,45,1,25.4616913339082
51,34,1,23.699212472424
99,34,1,26.0046518677751
99,34,1,26.4077994219255
50,45,1,23.4704939832204
100,34,1,28.2239746235403
99,34,1,28.1707583666164
50,45,1,25.6781810962531
50,45,1,31.0680582124278
51,45,1,27.8159523036472
50,43,1,24.6278127146318
50,45,1,27.4926626442906
50,45,1,23.2612035967588
50,45,1,27.1140027481123
99,45,1,26.5972467392071
51,45,1,25.7226287457548
100,45,1,29.2416860577511
99,45,1,31.0042882868221
50,45,1,31.9916554305554
99,45,1,25.9270174183701
51,45,1,25.9148712286022
50,45,1,27.839371165387
50,45,1,29.3166923490258
100,45,1,27.2035414787375
50,45,1,26.5704021585339
50,45,1,31.6074960283768
50,45,1,24.8189059756217
99,43,1,29.1398247982511
51,45,1,30.3361658461815
100,45,1,27.5822503032509
99,34,1,30.9992880234619
50,43,1,24.8349651540732
50,45,1,25.1504427506479
99,43,1,23.3260707846792
50,34,1,25.0479650203711
50,45,1,28.3314452875032
50,43,1,28.4999984175872
50,45,1,27.4395312333303
99,43,1,25.5063277569595
50,45,1,28.2758116378244
100,34,1,27.345436453151
50,45,1,31.2211202294387
100,45,1,26.9088612274549
50,43,1,26.3941004443474
50,45,1,25.3509322042822
50,45,1,27.936607346308
99,43,1,30.7043457848308
50,45,1,24.7109533005688
50,43,1,25.3321226932718
50,45,1,26.8292985399949
99,43,1,24.803235253598
51,34,1,25.6379022549048
99,45,1,27.9594746078113
99,45,1,27.0195894877047
50,45,1,28.0251953293762
50,45,1,25.3888495476423
50,45,1,28.2833780436653
51,43,1,25.9688011614391
50,43,1,26.0319931162671
50,43,1,25.8335341082476
100,45,1,28.9491256064271
50,45,1,26.695903863902
100,45,1,28.0395408961109
50,45,1,29.4469620774281
50,45,1,29.6888564738097
99,43,1,31.2791242143979
99,43,1,26.094905621637
100,45,1,25.7053288090789
50,45,1,27.2125242558424
50,43,1,32.7435134687493
50,45,1,27.1979059286776
100,34,1,26.2310124879848
51,34,1,27.3618714533098
50,45,1,28.012900175674
50,45,1,30.9258701886725
50,43,1,26.3122516514689
99,45,1,24.6648073279108
50,45,1,24.6573199916394
99,45,1,25.3467120480327
50,45,1,25.0657824884618
50,43,1,25.9046474998064
99,34,1,31.4941998467905
99,34,1,28.0306110790204
51,34,1,30.3867836662243
99,45,1,27.0371312537308
51,43,1,26.6953356356146
51,34,1,28.4105403654307
100,45,1,25.3011504189279
99,34,1,27.9740496686609
50,45,1,26.9734732594346
50,45,1,27.5359071941188
99,34,1,26.3619972730893
100,34,1,25.9660761212161
50,45,1,24.9823846602659
99,43,1,25.5948857740424
50,45,1,25.9185931407918
99,45,1,30.7872355775052
50,45,1,26.964425840254
50,45,1,26.4620854489194
99,45,1,25.0914313531286
99,34,1,29.9584730830323
50,43,1,33.6395552777358
99,45,1,30.9263810381936
100,43,1,25.3288920176884
50,45,1,27.8140339600313
99,45,1,23.8982173470748
50,43,1,28.111212843633
50,45,1,29.2519372222952
50,43,1,27.6486623154783
100,43,1,28.1737149381729
51,34,1,24.9898954387618
50,45,1,31.9886282336926
50,45,1,24.4332513909009
99,34,1,25.9132062979565
99,45,1,26.9522529607027
50,45,1,24.8963398546451
50,34,1,27.4599320471745
99,45,1,25.8967016238115
99,45,1,29.1924955360669
50,45,1,22.5927386654141
50,43,1,29.4071182753561
50,43,1,28.9301079994103
100,45,1,27.0120452856463
50,45,1,29.7436617505928
99,45,1,27.0426019453381
100,45,1,27.7945283180329
51,43,1,26.705587820469
50,43,1,27.07958532104
51,34,1,29.8410056733785
50,45,1,29.9201269767891
50,45,1,24.5867626910423
50,45,1,29.6917345716476
99,43,1,23.3282450696602
50,45,1,27.6998327201444
50,45,1,29.1549645430868
99,45,1,27.97512931567
50,45,1,26.5908613562774
50,43,1,25.1114310610303
50,45,1,24.4790040785245
50,43,1,27.7255872502227
100,45,1,30.42372846558
50,43,1,28.7606987333951
50,45,1,26.5090809630391
51,43,1,24.5395090160444
50,43,1,21.380316005302
50,43,1,24.1484871743101
50,45,1,27.1154513063953
99,43,1,25.8193777048617
99,45,1,25.8297399688696
50,43,1,26.652246726519
51,45,1,29.2188062932392
50,45,1,28.2361799754303
50,45,1,26.8964614538813
99,43,1,25.877408731152
50,45,1,24.5807678749059
99,45,1,28.5208257269931
50,34,1,27.1577970052583
50,45,1,26.6055002897949
50,43,1,31.6253617473618
99,43,1,24.2071029264641
99,45,1,24.1304717841665
100,45,1,25.6393923492155
50,45,1,24.5696928172835
50,43,1,24.0144333090971
99,45,1,27.464544141575
50,45,1,27.0232934966777
50,43,1,29.8472846463608
50,43,1,26.9850343542875
50,45,1,28.1796774613944
99,45,1,30.3612817211489
99,45,1,25.3536607562818
50,43,1,32.4333105218619
50,45,1,30.1426118301786
50,45,1,25.1383153602596
99,34,1,30.136307191829
50,43,1,28.4462426595076
99,45,1,26.551646840786
50,43,1,26.8915912038872
50,43,1,28.4432165004135
50,45,1,25.9522784001191
50,45,1,28.7570168785544
50,45,1,27.1205175618543
50,45,1,30.0037554512016
50,43,1,30.1526661116785
51,34,1,30.5806490765925
50,45,1,33.1533875269679
50,43,1,30.9952063213408
50,45,1,31.2972846780029
99,45,1,29.799442270052
50,43,1,24.822502577297
50,45,1,25.1001950618008
50,43,1,28.5401346117434
99,43,1,26.106281040124
99,43,1,26.6985199691775
100,43,1,27.9896610538502
50,43,1,27.7723750351221
99,45,1,24.2234140322675
50,43,1,27.2529801398794
99,45,1,29.103667817652
51,45,1,29.5829115821009
50,45,1,28.0293061397749
99,43,1,29.131824020519
99,45,1,26.3549110210671
50,45,1,28.8609524443137
50,43,1,28.8582960381305
50,45,1,25.5688452077653
50,43,1,31.340369647715
50,45,1,27.1866223370965
50,45,1,24.9016439434917
99,45,1,28.1543539283232
50,45,1,26.4302143224071
99,43,1,31.7249702259155
50,45,1,31.6099229141236
99,43,1,28.8561961054973
99,43,1,24.669059770648
50,45,1,24.8275630584578
50,43,1,34.5612764703064
50,43,1,24.4432294626435
100,45,1,26.4590666937848
50,45,1,32.4463208535888
99,45,1,25.1094142769135
50,45,1,24.4816383821694
50,45,1,23.7053296191824
99,45,1,24.0503424180398
99,45,1,25.328206313252
99,43,1,26.5351883109692
50,43,1,26.8724223386643
50,34,1,27.525944319885
50,45,1,29.1638026469389
50,45,1,30.8850162140876
50,43,1,25.613703879685
50,45,1,31.130473477725
99,45,1,29.3841641850751
50,45,1,24.8409459610716
99,43,1,26.4830176671846
99,45,1,27.4569225463765
50,45,1,25.0297036165579
99,45,1,29.8560013352645
50,45,1,30.1160144138889
99,43,1,29.1131282062938
50,43,1,28.9229430328096
50,45,1,27.6004264039373
50,43,1,27.9238664132914
50,45,1,29.793440043923
99,45,1,27.1094654979309
50,45,1,31.8161431431757
99,45,1,29.5361388046017
99,45,1,25.4549980319369
50,45,1,29.8904462474177
50,45,1,30.8261938870752
50,45,1,24.8477607880133
50,45,1,25.3393565065248
100,45,1,24.7173702656815
99,45,1,27.2369793149646
50,45,1,32.8102392115458
50,45,1,28.4993965832857
99,43,1,25.1955858145402
50,45,1,26.3283768104515
50,45,1,28.7718652659613
50,45,1,28.4038251258989
50,43,1,28.947730505667
99,45,1,26.615982960182
50,43,1,20.6392283937459
50,45,1,23.2771505548
50,45,1,27.6502689827753
99,43,1,25.4171416465595
50,45,1,30.1073841436586
50,45,1,27.6385179024054
50,45,1,27.2737327034878
50,43,1,25.1019449435963
99,43,1,26.9865218905423
50,43,1,24.5626437441972
50,45,1,29.8353822946022
99,45,1,26.4245765287368
50,34,1,28.8039087673574
99,45,1,23.1700933778985
99,45,1,27.421269217734
50,43,1,28.7039903380051
99,45,1,26.4090423085328
50,45,1,28.0840550441337
50,45,1,31.1316666481385
99,43,1,27.8550460335878
50,45,1,29.7970954252618
50,45,1,33.6193391759954
50,43,1,28.6028548978382
50,45,1,32.5460672885241
99,43,1,27.706139867306
50,43,1,28.4093209316373
99,45,1,27.8233785090082
50,45,1,30.7171897642512
50,43,1,27.2088890825331
50,45,1,27.5680313379407
99,45,1,29.0598955540712
50,45,1,35.6973170798588
50,45,1,29.200231042595
50,43,1,27.3539933859775
99,45,1,30.4534518151454
50,45,1,24.7456838583193
50,45,1,23.1977488574731
50,45,1,28.4734256518508
50,45,1,26.5762143254698
50,45,1,30.5071029274638
99,43,1,26.3208522365883
99,45,1,23.8564496638547
50,45,1,31.4479484488481
99,43,1,27.1661121938441
99,43,1,29.1604784267185
50,43,1,28.3542406798865
50,45,1,32.8292666447743
99,45,1,24.0146794210243
50,43,1,30.0405734145637
50,43,1,28.3844721564091
99,45,1,25.5254991313663
50,45,1,24.4031013269115
50,43,1,26.7536403314634
50,45,1,27.0752231457619
50,43,1,31.8295857753927
50,43,1,27.0912985606491
50,45,1,31.7052802516482
50,43,1,28.0702345493594
99,45,1,26.8717311744557
50,43,1,28.9536112700649
99,45,1,28.1208993190148
50,43,1,26.6019660259056
99,43,1,26.0030820108049
99,45,1,25.6756903087121
50,45,1,24.9972367354083
50,45,1,26.4988437405044
99,45,1,28.9314282165537
50,43,1,26.2978050496718
50,43,1,25.3241210983465
99,45,1,26.9059879219703
99,45,1,26.6538637677893
50,45,1,24.4914504764972
50,43,1,25.1952208533173
50,45,1,26.4994166450804
50,45,1,26.9871242084856
99,45,1,23.2225096478037
100,45,1,27.3628574062973
50,45,1,26.407317977973
50,45,1,26.3885128139739
50,45,1,27.6680425360921
99,45,1,28.3083208604719
50,45,1,26.7461207048198
99,43,1,24.9213565521874
50,45,1,31.0627116491415
99,45,1,28.502699761194
99,45,1,25.3376743305997
99,45,1,26.7967746562703
50,43,1,30.4036687101188
50,45,1,24.1460722646098
50,45,1,25.9004295549853
99,43,1,22.8654193184749
50,45,1,29.9003779835234
50,45,1,29.8729349098051
50,45,1,29.6279206723662
99,45,1,28.6990494676668
50,45,1,26.3740830426981
99,43,1,29.0091683176535
99,45,1,30.1250232496104
99,45,1,26.385143653967
99,45,1,26.951007456945
50,43,1,28.469451469715
99,45,1,25.7910209397692
99,45,1,27.2499390822417
50,45,1,27.1518033258445
50,45,1,28.4285179318543
50,45,1,32.8327589289314
50,45,1,24.8031002214083
50,43,1,30.3477400064164
99,45,1,24.7586306783857
50,45,1,27.0034760500584
50,45,1,28.5441903326541
99,45,1,23.9845119799877
50,45,1,28.026640388755
50,45,1,27.2354571885773
99,45,1,27.3630847444832
50,45,1,29.1636728823935
50,45,1,27.5589099174554
50,45,1,30.3037325630409
50,43,1,24.2442803231733
50,45,1,28.5786645015248
50,43,1,25.0509038011452
50,45,1,25.2172622941608
50,45,1,27.251338221181
99,45,1,28.4029077389758
50,45,1,27.6485868353503
99,43,1,27.8269488305422
99,45,1,27.7952387841724
50,43,1,25.071467936544
50,45,1,25.1147426069728
99,43,1,28.5191850227544
99,45,1,26.2372436545227
50,45,1,27.5061043876347
50,43,1,30.9951113821374
99,43,1,23.9532714862957
99,45,1,27.5421768712819
50,45,1,26.2764511046557
99,45,1,27.6403858850657
99,43,1,28.3748876061229
50,45,1,27.0286302304237
99,45,1,25.7035761908076
50,45,1,25.579209150893
50,45,1,23.4004726520599
99,45,1,24.1317984404379
99,45,1,26.3383262267673
99,45,1,26.1659097057085
50,45,1,27.7992458675779
50,43,1,29.1599658034235
50,45,1,32.3813474319033
50,43,1,28.5260397011338
99,43,1,27.2009722495566
50,45,1,23.5372103648846
99,43,1,27.0851474626293
50,45,1,25.6939491880586
50,45,1,25.4150260347114
99,45,1,26.1267572107337
50,45,1,24.9275902182801
99,45,1,25.6216884280923
50,45,1,25.2439781027897
50,45,1,24.7308916520736
99,43,1,30.3180886028798
50,45,1,30.0891232321876
50,43,1,23.5607370473513
50,45,1,24.7407003576748
50,43,1,28.1769986773548
99,45,1,28.3177966758534
99,45,1,28.5405360323618
99,45,1,25.7253262723667
99,45,1,26.8673156432317
50,45,1,29.9900533868185
50,45,1,24.8903725292133
50,45,1,23.070556851588
99,45,1,26.0076786506851
99,45,1,26.9504868733913
99,45,1,28.3295775578618
50,45,1,32.3383954704763
99,45,1,26.7689085845304
99,45,1,26.3633506227065
50,43,1,25.1274581653775
50,45,1,25.8312886375745
99,45,1,28.0363375854738
50,45,1,23.9960051715977
99,45,1,25.6578709177876
50,45,1,27.7128572224036
50,45,1,29.6243287594972
50,45,1,25.3029305243475
50,45,1,26.4737342374056
99,45,1,24.8341782759549
99,45,1,26.8801688400885
99,45,1,29.6993638605485
99,43,1,26.1197982280238
50,45,1,26.1750685817716
99,45,1,23.751729598814
99,43,1,25.7696819075824
50,45,1,29.2503543811296
50,45,1,26.9170070262929
50,45,1,24.2956258748919
99,45,1,28.1144194678582
99,45,1,27.5833541334677
99,45,1,30.5147203219859
50,45,1,26.8811905121322
50,45,1,28.2122594368066
99,43,1,25.0816324306005
50,45,1,24.7767971360096
50,45,1,28.2477255101592
50,45,1,23.2553312249676
50,45,1,28.1189827208634
99,43,1,27.0738719056975
50,43,1,28.6414369974763
50,45,1,31.7834705729473
50,45,1,28.9902809623674
99,45,1,29.6663753583682
99,45,1,28.7101029820953
50,43,1,21.5510817156208
99,43,1,27.1550582323631
50,45,1,28.1870197831229
99,43,1,24.6442793864705
50,45,1,27.8097057417295
99,45,1,24.5085530341664
99,45,1,28.3585033497516
50,45,1,28.6139389648085
99,43,1,27.9189300079756
50,45,1,30.3503880348015
50,45,1,28.247363921052
50,45,1,28.2326171271572
50,45,1,23.4827442638307
50,45,1,31.6921466092217
99,45,1,24.0930917043353
99,45,1,27.7568766403233
50,45,1,27.3118107505061
50,45,1,27.8115932343519
50,45,1,24.5208257176025
99,45,1,26.5367042802767
99,45,1,26.5415574724445
50,43,1,30.9705676328628
50,45,1,29.2815771387107
50,45,1,26.9221654569354
50,45,1,29.7210479424931
50,45,1,30.6715279156601
50,45,1,28.5621260092092
50,45,1,24.4950494250115
50,45,1,33.967133519962
50,45,1,24.0546340265239
50,45,1,25.8355222863678
50,45,1,24.4419777666666
99,45,1,24.196119362413
50,45,1,24.7720929732004
50,45,1,30.8188697188409
50,45,1,26.2601009787963
99,45,1,28.0788948445963
99,45,1,26.2655464129519
50,43,1,27.2889070374305
50,45,1,23.8508975643614
50,45,1,28.9405458797187
99,43,1,24.4844199341119
50,45,1,28.1157105888878
99,45,1,27.8252543517165
50,43,1,28.731200188388
50,45,1,31.9078100679952
99,43,1,26.5831446655811
99,45,1,25.8415947536045
50,45,1,25.2917660306551
50,45,1,26.2630188779015
50,45,1,26.8564811981137
50,45,1,31.6908095343661
50,45,1,36.0810065403089
50,43,1,25.882984324922
50,43,1,23.5112923607326
50,45,1,32.2328091512558
50,45,1,25.8464830026802
50,45,1,26.9360926705843
99,43,1,28.7501931413431
50,45,1,26.190038035808
99,43,1,25.4939518907972
99,45,1,23.7104362423254
99,45,1,29.4761716804408
99,45,1,26.9785396904765
50,45,1,31.6559125745693
99,45,1,28.9499818692454
99,45,1,25.172060858676
50,43,1,28.5667698434902
50,45,1,24.735641189807
99,43,1,27.7168599416568
99,45,1,28.5711253284807
50,43,1,31.9592382677767
99,45,1,26.3169109599664
50,45,1,25.7977395615784
99,43,1,26.410152228881
50,45,1,32.7329280565291
50,45,1,30.7521175037562
50,45,1,29.8866885112777
50,45,1,27.2989158672881
50,45,1,29.3994421286463
50,45,1,26.9857036575842
50,45,1,26.7615433328568
50,45,1,30.3245867892105
50,45,1,22.8935290299846
50,43,1,25.9602877948348
50,45,1,28.3002838677814
50,45,1,27.0588347923204
50,45,1,27.2105536668179
50,43,1,30.2130738820739
50,45,1,24.6383974312943
50,45,1,25.6826953497886
99,45,1,26.4555905317954
99,45,1,29.3921663233956
50,45,1,29.5473278867801
50,45,1,30.8098412920987
50,45,1,27.4411695137756
50,43,1,28.8578263303525
99,45,1,25.7628910281772
50,45,1,24.5312359900504
50,45,1,30.4443993160778
99,45,1,28.6844617238474
50,45,1,25.5487923624655
50,43,1,27.969699559611
99,43,1,25.9510243457778
99,45,1,30.1364784134249
50,43,1,25.5313123677966
99,45,1,25.8381801804405
50,45,1,29.2551805392709
50,45,1,27.4430741092653
99,45,1,27.6406265619226
50,45,1,27.6312455295525
50,45,1,27.253164239857
50,45,1,27.8607543861832
99,45,1,28.53611916598
99,45,1,23.9322522376368
99,45,1,27.68240303362
50,43,1,31.975608791339
50,45,1,28.817290336936
50,45,1,22.0643991861994
50,45,1,27.3032112273345
50,43,1,24.5845934043391
50,45,1,22.7644249221842
50,45,1,29.2403526387704
99,45,1,27.4005060788105
50,45,1,25.8318738839567
99,45,1,26.4647925105931
99,45,1,24.8679702020765
99,45,1,29.3440230657232
50,45,1,25.8631637118398
50,45,1,25.375870493041
99,45,1,29.3681874925522
99,45,1,25.7774839239495
50,45,1,26.1451884127697
50,45,1,31.991216523824
50,45,1,29.6594060996311
50,45,1,27.877960080944
50,45,1,27.7573117191862
50,43,1,28.9171437329578
50,45,1,27.5748241915985
99,45,1,29.5577405445334
99,45,1,28.5367154426823
50,43,1,35.4935213131035
50,45,1,29.8495459363965
50,45,1,30.5677949131451
50,45,1,30.1783346211534
50,45,1,26.6989823288978
50,43,1,28.6524059631301
99,45,1,25.4147745728198
50,45,1,26.6453919554945
50,45,1,27.2385362190671
99,43,1,27.2970544520948
50,45,1,27.9969953839512
50,43,1,29.4958729591266
50,43,1,29.304243855899
99,45,1,27.4715303922173
50,45,1,23.329894033393
50,45,1,28.0405229322559
50,45,1,31.274392851554
99,45,1,26.6266551388494
50,45,1,26.7148196094988
50,43,1,29.3902467788173
50,45,1,28.2694252657508
99,45,1,28.4371779138424
50,45,1,30.6315286844896
50,45,1,25.8177082549146
50,43,1,27.5517132669123
50,43,1,29.5464453191318
50,45,1,28.8138626654011
50,45,1,28.1464807826426
99,45,1,27.4558964923048
50,45,1,29.1930732287133
50,45,1,26.8636497171979
50,45,1,29.5744646765821
99,45,1,24.4562251792375
50,45,1,30.0192487630411
50,45,1,29.4556591069606
99,45,1,25.3985124235983
50,43,1,29.1452939019113
99,45,1,27.7603713726566
99,45,1,22.8033284268728
99,45,1,26.2809211455811
50,45,1,23.4315839262496
99,45,1,26.2476675869617
50,45,1,26.4604563156505
50,45,1,27.6706170681323
99,45,1,26.3735385428
99,43,1,28.4612829928379
50,45,1,31.0872296689241
50,45,1,28.892092098393
50,45,1,25.1951227426942
50,45,1,20.5366730648534
50,45,1,29.7703497593063
50,45,1,32.1061299079106
50,45,1,27.8289912173876
50,45,1,25.9171101788483
50,45,1,28.8447739419342
99,45,1,27.7270417122682
50,45,1,29.2645725021646
99,45,1,26.0413070982037
50,45,1,33.8087018505942
50,45,1,26.2613148690965
50,45,1,32.5441167798942
50,45,1,25.6073419206201
99,45,1,27.4349013725016
50,45,1,27.5782346366208
99,45,1,26.103542825397
50,43,1,29.9822712732896
99,45,1,29.0940305619222
50,45,1,22.9983745759676
50,45,1,33.943896777871
50,45,1,30.5667109298693
50,45,1,29.3431357321176
50,45,1,23.6029537571526
50,45,1,27.2917999097022
99,45,1,26.3262195604718
50,45,1,26.5430721119165
99,45,1,29.1653790174555
50,45,1,34.6204934459935
50,43,1,25.3731414498831
50,45,1,30.2454852558854
99,45,1,24.7795450907186
50,45,1,25.5437681971589
99,45,1,27.5211820907223
50,45,1,31.6590186389645
50,45,1,27.531377850298
99,43,1,24.2190514582518
99,45,1,28.0601992964697
50,45,1,25.7694603440223
50,43,1,31.1109945678912
50,45,1,29.9387418225318
99,45,1,25.9318944182807
50,45,1,25.4291093572658
50,43,1,30.1597306749704
50,45,1,26.5074154662658
99,45,1,29.9388040835755
99,45,1,24.8416537856622
99,45,1,29.3198032417726
50,45,1,24.7953996700274
50,45,1,23.1471957698355
50,43,1,29.689448406108
50,45,1,23.8615053598219
50,45,1,24.07512895653
50,45,1,21.8518563957663
50,45,1,27.0584825777984
99,43,1,26.4611678733817
99,45,1,23.2636234955998
50,45,1,35.7450648200203
50,45,1,28.0323136065771
99,45,1,26.2297397797009
99,45,1,28.5408495449958
99,45,1,27.4719578514548
50,45,1,28.2194131801661
50,45,1,25.8831140909013
50,45,1,31.8497870880242
99,45,1,28.3845345592004
50,45,1,27.4865395140669
99,45,1,30.6948825384332
99,45,1,28.6989140232417
99,45,1,26.4647635222982
50,45,1,26.7168619742941
50,45,1,28.0794315882771
99,45,1,24.8094850171389
50,45,1,28.1326477576585
50,45,1,24.6037372324906
99,45,1,25.6236955193935
50,45,1,31.126069119487
50,45,1,28.5693544672276
99,45,1,24.2757343850401
50,45,1,28.9096756309921
50,45,1,30.8324153296902
50,45,1,30.2355520529708
50,45,1,29.7871328827589
50,45,1,28.0732637684861
99,45,1,27.7978339319485
50,45,1,27.9638886283047
50,45,1,29.1757610488867
50,45,1,23.306683650868
50,45,1,26.6608122494063
99,45,1,24.9903535616951
50,43,1,21.665041084434
50,43,1,29.1967989152254
50,45,1,30.8671047615709
50,45,1,24.6265353673494
50,45,1,31.9376565926247
50,45,1,25.6638846570881
50,45,1,28.3616357477637
50,45,1,29.5448141939732
99,45,1,24.5396930953784
50,45,1,25.1423957678777
50,45,1,28.4866660703944
50,45,1,25.7179624410931
50,45,1,28.1257788823047
50,45,1,29.1830496468989
99,45,1,28.0295602305166
50,45,1,27.0366494571788
99,45,1,26.6135400275415
50,43,1,30.3632899708896
50,45,1,29.886513435009
99,45,1,25.5700657107914
50,45,1,22.7183873791729
99,45,1,25.6416277335784
99,45,1,29.2939842567536
99,45,1,26.0791111928105
99,45,1,27.9508570728618
50,45,1,26.3417980251032
50,45,1,27.8236466033273
99,45,1,26.8222588949575
99,45,1,27.8036924959303
99,45,1,29.0351823571629
99,45,1,28.9571385227019
99,45,1,30.2275038523541
99,45,1,27.8215635379278
50,45,1,26.9713594943937
99,45,1,28.0198462559719
50,45,1,37.6399365878847
99,45,1,25.4235125179664
50,45,1,27.278892983754
50,45,1,30.3473620209152
50,45,1,26.2472355795707
50,45,1,26.4147390166463
50,45,1,26.2433716398002
50,43,1,31.38911538015
50,45,1,27.6112382878341
50,45,1,26.0758226543766
50,45,1,31.6800462042961
50,45,1,29.1899043550109
50,45,1,22.4533333547447
99,45,1,25.6641194638423
99,45,1,28.7465703259997
50,45,1,29.5543779899669
99,45,1,26.9825584273919
99,45,1,26.9185864571758
99,45,1,25.2551989528036
50,45,1,23.2899675132803
50,45,1,29.8257947117665
50,45,1,29.1629242914039
50,45,1,25.2294787728842
50,45,1,28.4445494392477
99,45,1,26.6533705417654
50,45,1,29.8855119206827
50,45,1,26.8975191206327
50,45,1,29.4979572175109
50,43,1,29.3170204893361
99,45,1,27.1437606011971
50,45,1,27.2645062077436
50,43,1,28.478022573033
99,45,1,25.5167020895246
50,45,1,21.212594690345
50,45,1,24.2702760695973
50,45,1,26.6987717951274
99,45,1,27.2100072605558
50,45,1,26.4383906084067
99,45,1,26.0802308653321
50,43,1,28.2901362454998
99,45,1,26.3856823510803
50,45,1,26.0279214654263
50,45,1,21.4438813501521
50,45,1,22.8740833160889
99,45,1,28.2451980925708
99,45,1,27.9262894169012
99,45,1,26.5085213285092
50,45,1,23.1487486041496
50,43,1,24.4169600669082
50,45,1,21.8666251028343
50,45,1,28.8333956610837
50,45,1,30.0530453934483
99,45,1,26.8178791473758
99,45,1,28.8511693742312
99,45,1,25.6849649225261
99,45,1,23.7823937458295
50,45,1,28.5818472347917
50,45,1,29.8099127144261
50,45,1,28.4199445752217
50,45,1,26.0646852872674
99,43,1,27.9874655583517
50,43,1,31.315819443642
99,45,1,25.4721285672675
50,45,1,28.6008658301941
50,45,1,28.9818707739236
99,45,1,26.8378833546002
50,45,1,22.9367690456768
50,45,1,28.1151908487794
99,45,1,27.9870835688059
99,45,1,27.1724085717325
50,45,1,29.5393944182525
50,45,1,25.7369440670337
50,45,1,29.1237828379656
50,45,1,28.4229298188885
99,45,1,30.3274726028066
99,45,1,26.2064924722077
50,45,1,27.3707292002505
50,45,1,26.7958931467442
50,45,1,26.4643974960376
50,45,1,29.106954664922
50,45,1,28.0964349830447
50,45,1,26.6478750771953
50,45,1,30.95539540295
50,45,1,25.4773645323515
50,45,1,29.7418076059888
50,45,1,25.7351454269215
99,45,1,28.6276978575591
50,45,1,27.0390008402847
50,45,1,30.2738892466353
50,45,1,23.0401343854207
50,45,1,33.7419690173451
99,43,1,28.1835812673904
50,45,1,30.0834039289894
50,45,1,28.6192465434852
50,45,1,33.9235487770883
99,45,1,26.2851774562085
99,43,1,28.2339076513258
50,45,1,28.7912574315827
50,45,1,26.1566288990805
50,45,1,23.897015762037
50,43,1,25.9592882375283
99,45,1,27.8733630475811
99,45,1,30.0982629266661
99,45,1,24.207887521029
50,45,2,38.6231197484635
99,45,1,23.4050063883075
50,43,1,27.0474262252295
50,45,1,25.7892541389104
50,45,1,23.7616354193874
99,45,1,26.542794707624
99,45,1,31.0891314438466
50,45,1,25.8961442010313
50,43,1,28.1029891784695
50,45,1,28.2766178333419
50,45,1,26.4312196452641
99,43,1,26.4223053209082
50,45,1,28.9627289270693
50,45,1,27.9246803094136
50,43,1,24.3532343482118
50,45,1,28.6188523843742
50,45,1,26.7510547783701
50,43,1,25.02853836134
50,43,1,28.5758847235522
50,45,1,26.4683592522967
50,45,1,24.2534276391863
99,45,1,32.1899699285563
50,45,1,25.064901458993
50,45,1,26.9231267786485
50,45,1,26.9928592372063
50,45,1,31.1373915110963
50,43,1,34.0721663928696
50,45,1,28.8762079345776
50,45,1,27.5569398593887
50,45,1,24.9572527184257
50,45,1,29.0647031027683
50,45,2,34.6969656785437
50,45,1,24.7320777566192
50,43,1,30.0124858451608
50,43,1,31.2139853628132
99,45,1,28.3081572867033
50,45,1,26.3715681100471
99,45,1,31.2683972995621
99,45,1,27.9051601314558
99,45,1,26.8079518894062
50,45,1,29.6665158552799
50,45,1,30.0635519150016
99,45,1,29.8830907343202
50,45,1,27.7052530514264
50,45,1,25.7376704042752
99,45,1,26.0383778405594
50,45,1,23.5815660755195
50,45,1,27.1659184166824
50,45,1,26.9331567549551
99,45,1,24.432146669104
50,45,1,26.9838304052067
99,43,1,29.1936402090359
50,45,1,26.4315552908009
50,45,1,27.4065818592458
50,45,1,26.9685269105355
50,45,1,25.0548454999699
50,45,1,26.5505803249407
50,43,1,25.0619609299402
50,45,1,30.4924126556616
50,45,1,29.2113722349219
50,45,1,24.8854674272487
50,45,1,23.8385219185033
50,45,1,29.5288913360309
99,45,1,29.970269085851
99,45,1,28.8644411575398
50,45,1,23.6401791522693
50,45,1,28.1824509243711
50,45,1,30.0131088963691
50,43,1,27.519088202832
99,45,1,31.7124087867662
50,45,1,30.9367544182422
50,45,1,26.8764047143529
50,43,1,26.3879985140656
50,45,1,27.1105768400619
99,45,1,25.2114805688266
99,45,1,26.6783265133076
99,45,1,25.9093862606784
50,43,1,27.5280296738433
99,45,1,26.5969440945562
50,45,1,29.9731946814384
99,45,1,28.3652754798025
50,45,2,36.2297015571691
99,45,1,26.7331118555018
50,45,1,26.5285073929596
50,43,1,29.5726900368736
50,45,1,23.3877372667917
50,45,1,23.4262019774158
50,45,1,24.8455986522636
50,43,1,26.5524679966458
50,43,1,28.9035678215157
50,45,1,27.7900210150199
50,45,1,29.0123876906914
50,45,1,28.2446191082458
50,43,1,23.3447200513371
50,45,1,25.2962283825853
50,45,1,29.5108157145917
50,45,1,31.0129991870648
50,45,1,26.0119477753003
50,45,1,30.0575634941893
50,45,1,23.9063809368326
99,45,1,27.836407300356
50,45,1,28.3736548133122
50,45,1,25.0319422116756
